week|day|pos|id|new
1|1|1|s0001|1
1|1|2|s0002|1
1|1|3|s0003|1
1|1|4|s0004|1
1|1|5|s0005|1
1|1|6|s0006|1
1|1|7|s0007|1
1|1|8|s0008|1
1|1|9|s0009|1
1|1|10|s0010|1
1|1|11|s0120|1
1|1|12|s0121|1
1|1|13|s0011|1
1|1|14|s0012|1
1|1|15|s0013|1
1|1|16|s0014|1
1|1|17|s0015|1
1|1|18|s0016|1
1|1|19|s0017|1
1|1|20|s0018|1
1|1|21|s0019|1
1|2|1|s0003|0
1|2|2|s0005|0
1|2|3|s0120|0
1|2|4|s0020|1
1|2|5|s0021|1
1|2|6|s0022|1
1|2|7|s0023|1
1|2|8|s0024|1
1|2|9|s0025|1
1|2|10|s0026|1
1|2|11|s0027|1
1|2|12|s0028|1
1|2|13|s0029|1
1|2|14|s0030|1
1|2|15|s0031|1
1|2|16|s0032|1
1|2|17|s0033|1
1|2|18|s0034|1
1|2|19|s0035|1
1|2|20|s0036|1
1|2|21|s0037|1
1|2|22|s0038|1
1|2|23|s0039|1
1|2|24|s0040|1
1|2|25|s0041|1
1|2|26|s0042|1
1|3|1|s0035|0
1|3|2|s0038|0
1|3|3|s0041|0
1|3|4|s0043|1
1|3|5|s0044|1
1|3|6|s0045|1
1|3|7|s0046|1
1|3|8|s0047|1
1|3|9|s0048|1
1|3|10|s0049|1
1|3|11|s0050|1
1|3|12|s0051|1
1|3|13|s0052|1
1|3|14|s0053|1
1|3|15|s0054|1
1|3|16|s0055|1
1|3|17|s0056|1
1|3|18|s0057|1
1|3|19|s0058|1
1|3|20|s0059|1
1|3|21|s0060|1
1|3|22|s0061|1
1|3|23|s0062|1
1|3|24|s0063|1
1|3|25|s0064|1
1|3|26|s0065|1
1|3|27|s0066|1
1|3|28|s0067|1
1|3|29|s0068|1
1|3|30|s0069|1
1|3|31|s0070|1
1|3|32|s0071|1
1|3|33|s0072|1
1|3|34|s0073|1
1|3|35|s0074|1
1|3|36|s0075|1
1|4|1|s0010|0
1|4|2|s0039|0
1|4|3|s0066|0
1|4|4|s0073|0
1|4|5|s0074|0
1|4|6|s0076|1
1|4|7|s0077|1
1|4|8|s0078|1
1|4|9|s0079|1
1|4|10|s0080|1
1|4|11|s0081|1
1|4|12|s0082|1
1|4|13|s0083|1
1|4|14|s0084|1
1|4|15|s0085|1
1|4|16|s0086|1
1|4|17|s0087|1
1|4|18|s0088|1
1|4|19|s0089|1
1|4|20|s0090|1
1|4|21|s0091|1
1|4|22|s0092|1
1|4|23|s0093|1
1|4|24|s0094|1
1|4|25|s0095|1
1|4|26|s0096|1
1|5|1|s0001|0
1|5|2|s0008|0
1|5|3|s0009|0
1|5|4|s0010|0
1|5|5|s0003|0
1|5|6|s0004|0
1|5|7|s0005|0
1|5|8|s0120|0
1|5|9|s0121|0
1|5|10|s0097|1
1|5|11|s0098|1
1|5|12|s0099|1
1|5|13|s0100|1
1|5|14|s0101|1
1|5|15|s0102|1
1|5|16|s0103|1
1|5|17|s0104|1
1|5|18|s0105|1
1|5|19|s0106|1
1|5|20|s0107|1
1|5|21|s0108|1
1|5|22|s0109|1
1|5|23|s0110|1
1|5|24|s0111|1
1|5|25|s0075|0
1|5|26|s0112|1
1|5|27|s0113|1
1|5|28|s0035|0
1|5|29|s0038|0
1|5|30|s0071|0
1|5|31|s0091|0
1|5|32|s0114|1
1|5|33|s0089|0
1|5|34|s0073|0
1|5|35|s0074|0
1|5|36|s0066|0
1|5|37|s0115|1
1|5|38|s0092|0
1|5|39|s0095|0
1|5|40|s0006|0
1|5|41|s0116|1
1|5|42|s0117|1
1|5|43|s0118|1
1|5|44|s0119|1
