word|en|zh|first_id
chào|hi, hello|打招呼、你好|s0001
em|younger sibling; you (to someone younger); I (said by the younger one)|弟弟妹妹；你（對比你小的人）|s0001
anh|older brother; I (a man to someone younger); you (to an older man)|哥哥；我（對比自己小的人說）；你|s0002
khỏe|healthy, well|健康、身體好|s0003
không|not, no; question particle at the end|不、沒有；（句尾）嗎|s0003
còn|and what about; still|那…呢；還|s0004
dạ|yes (polite answer, said by the younger one)|是（禮貌的應答）|s0005
con|child; I (to a parent)|孩子；我（對父母說）|s0005
cảm ơn|thank you|謝謝|s0006
có|have, there is|有|s0007
gì|what|什麼|s0007
không có gì|you're welcome, it's nothing|不客氣|s0007
tên|name|名字|s0008
là|to be|是|s0008
rất|very|很|s0010
vui|happy, glad|開心|s0010
được|can; get to|可以；得到|s0010
gặp|meet|見面|s0010
ăn|eat|吃|s0120
cơm|rice, meal|飯|s0120
chưa|not yet; yet? (at the end)|還沒；（句尾）了嗎|s0120
rồi|already|已經、了|s0121
trời|sky, weather; heavens|天、天氣|s0035
mát|cool|涼爽|s0035
quá|so, too|好、太|s0035
hôm nay|today|今天|s0036
mưa|rain|下雨|s0036
muốn|want|想要|s0037
mua|buy|買|s0037
cà phê|coffee|咖啡|s0037
cho|give; for; let|給；為；讓|s0038
một|one|一|s0038
ly|glass, cup (Southern)|杯（南部）|s0038
sữa|milk|牛奶|s0038
đá|ice|冰|s0038
tô|big bowl|大碗|s0039
phở|phở|河粉|s0039
biết|know|知道|s0040
mệt|tired|累|s0042
ừ|yeah (casual yes)|嗯|s0066
hiểu|understand|懂|s0066
về|go home, return|回|s0067
nhà|house, home|家|s0067
trưa|noon|中午|s0068
nay|this (day, time)|今（天）|s0068
cái|thing; classifier for things|個（量詞）|s0069
chai|bottle|瓶子|s0069
này|this|這|s0069
bự|big (Southern)|大（南部）|s0069
thôi|okay then, enough|好了、算了|s0070
đủ|enough|夠|s0070
ngon|tasty, delicious|好吃|s0071
người|person|人|s0072
Sài Gòn|Saigon|西貢|s0072
nói|speak, say|說|s0072
nhanh|fast|快|s0072
chậm|slow|慢|s0073
chút|a little|一點|s0073
nha|softening particle|喔、吧|s0073
nghe|hear, listen|聽|s0074
cổ|she (from cô ấy)|她|s0075
đẹp|beautiful|漂亮|s0075
hai|two|二|s0088
ba|three|三|s0088
bốn|four|四|s0088
năm|five|五|s0088
sáu|six|六|s0088
bảy|seven|七|s0088
tám|eight|八|s0088
chín|nine|九|s0088
mười|ten|十|s0088
giờ|hour, o'clock|點、小時|s0090
tối|evening|晚上|s0090
mắc|expensive (Southern)|貴（南部）|s0091
học|study, learn|學|s0092
tiếng Việt|Vietnamese (language)|越南文|s0092
tiếng Anh|English (language)|英文|s0093
sách|book|書|s0094
hay|interesting, good|好看、有意思|s0094
lắm|very|很|s0094
không sao|no problem|沒關係|s0095
đâu|where; emphatic at the end|哪裡；（句尾）啦|s0095
Đức|Germany|德國|s0097
người Đức|German (person)|德國人|s0097
giáo viên|teacher|老師|s0098
tiếng Đức|German (language)|德文|s0098
dạy|teach|教|s0099
Trung Quốc|China|中國|s0099
ba|dad (Southern)|爸爸（南部）|s0100
người Việt|Vietnamese (person)|越南人|s0100
má|mom (Southern)|媽媽（南部）|s0101
tiếng Trung|Chinese (language)|中文|s0102
mới|just, newly|剛|s0103
ở|be at, live|在、住|s0104
hả|checking question particle|（句尾）喔？、是喔|s0106
làm|do, work|做|s0107
nghề|occupation|職業|s0107
sinh viên|university student|大學生|s0108
ổng|he (from ông ấy)|他（年長男性）|s0109
ảnh|he (from anh ấy)|他|s0110
bạn|friend|朋友|s0111
thiệt|true, real (Southern)|真的（南部）|s0112
vậy|so, like that|那樣|s0113
trời ơi|oh my god|天啊|s0114
lại|again|再|s0115
đi|go|去|s0116
ngủ|sleep|睡覺|s0116
ngủ ngon|sleep well|晚安|s0117
nghen|warm softening particle|喔（較親切）|s0117
mai|tomorrow|明天|s0118
tiếp|continue|繼續|s0118
hẹn gặp lại|see you again|再見|s0119
ơi|calling particle (em ơi)|喂、（叫人）|s0122
sao|how; why|怎麼；為什麼|s0122
chữ|word, letter|字|s0123
nghĩa|meaning|意思|s0123
viết|write|寫|s0124
hông|not; question particle (Southern for không)|不；（句尾）嗎（南部）|s0126
kịp|in time, keep up|來得及、跟上|s0127
ủa|huh (surprise)|咦|s0128
ha|isn't it? (asking for agreement)|對吧、耶|s0131
giỏi|good at, skilled|厲害、很會|s0132
luôn|totally; at all|超、完全|s0133
á|you know (at the end)|喔、耶（句尾）|s0135
đi|go ahead (softening a request, at the end)|吧（句尾）|s0136
dữ|intense; wow (Southern)|厲害、誇張（南部）|s0140
ờ|oh, yes (casual)|喔、對|s0141
quên|forget|忘記|s0141
gửi|send|寄、傳|s0142
nè|here, look (Southern)|給你、你看（南部）|s0142
nhắn|text, send a message|傳訊息|s0143
giờ|now|現在|s0144
mới|only then (才)|才|s0144
voice|voice message|語音訊息|s0145
mình|we (including you)|我們（包括你）|s0146
gọi video|video call|視訊|s0146
đang|in the middle of (-ing)|正在|s0147
gõ|type (on a keyboard)|打字|s0147
sai|wrong|錯|s0148
sửa|correct, fix|改|s0149
giùm|for me, as a favour (Southern)|幫（我）（南部）|s0149
nhiều|much, many|很多|s0150
khó|difficult|難|s0152
nhưng mà|but|但是|s0153
